,mistralai/Mistral-7B-v0.1,NousResearch/Genstruct-7B,meta-llama/Llama-2-13b-hf,meta-llama/Llama-2-7b-hf,google/gemma-7b-it,google/gemma-2b-it,bert-base-uncased
1,0.1898716613650322,0.8986067473888397,0.6087502390146255,0.1729307472705841,0.6119893938302994,0.669149324297905,0.999474823474884
2,0.742541778832674,0.4951155260205269,0.4305776059627533,0.6368355741724372,0.9839430693536997,0.817961297929287,0.8671333994716406
