,mistralai/Mistral-7B-v0.1,NousResearch/Genstruct-7B,meta-llama/Llama-2-13b-hf,meta-llama/Llama-2-7b-hf,google/gemma-7b-it,google/gemma-2b-it,bert-base-uncased
1,0.4326520562171936,0.6318226233124733,0.3944769725203514,0.4084611013531685,0.7396578192710876,0.6014854460954666,0.6675665229558945
2,0.3801693394780159,0.39800859428942204,0.46591770742088556,0.4251824598759413,0.959254702928888,0.8421178199350834,0.9050477060955018
